<?xml version="1.0" encoding="UTF-8" standalone="yes"?>
<addon id="plugin.video.greenflix.alfa" name="Green Flix Alfa" version="0.0.1" provider-name="SrTriste"> 
<requires>
    <import addon="xbmc.python" version="3.0.0"/>
    <import addon="script.module.requests"/>
    <import addon="script.module.simplejson"/>
	<import addon="script.module.kodi-six" />
</requires>  
<extension point="xbmc.python.pluginsource" library="default.py">
	<provides>video</provides>
</extension>   
<extension point="xbmc.addon.metadata">
	<summary lang="en">Green Flix</summary>
	<summary lang="pt">Green Flix</summary>
	<description lang="en">Addon for kodi Nexus</description>
	<description lang="pt">Addon for kodi Nexus.
	venha fazer parte do canal Green Flix para recebe noticia " t.me/greenflixx"</description>
    <disclaimer lang="en">The author is in no way affiliated with Kodi, Team Kodi or the XBMC Foundation. This is a non-profit resource.</disclaimer>
	<disclaimer lang="pt">O autor não é de forma alguma afiliado ao Kodi, Team Kodi ou a XBMC Foundation. Este é um recurso sem fins lucrativos.</disclaimer>
    <platform>all</platform>
	<assets>
       <icon>icon.png</icon>
       <fanart>fanart.jpg</fanart>
    </assets>
	<news>
v0.0.1
- Addon em teste
	</news>
</extension>
</addon>