<?xml version="1.0" encoding="UTF-8" standalone="yes"?>
<addon id="greenflix.repo" name="Repositório Green Flix" version="0.0.1" provider-name="SrTriste">
	<extension point="xbmc.addon.repository" name="Repositório Green Flix">
		<info compressed="false">http://raw.github.com/Green-Flix/repo/blob/main/addons.xml</info>
		<checksum>http://raw.github.com/Green-Flix/repo/blob/main/addons.xml.md5</checksum>
		<datadir zip="true">http://raw.github.com/Green-Flix/repo/tree/main/nexus/</datadir>
	</extension>
	<extension point="xbmc.addon.metadata">
		<summary>Repositório Green Flix</summary>
		<description>Repositório Green Flix para Kodi</description>
		<disclaimer></disclaimer>
		<platform>all</platform>
	</extension>
</addon>